householdzone,taz_area_m,taz_area_h
2396,798993,80
4001,4962431,496
4002,3861688,386
4003,2697203,270
4004,2214874,221
4005,3711400,371
4006,4894934,489
4007,2335731,234
4008,2015978,202
4009,1236054,124
4010,981716,98
4011,6004090,600
4012,1444611,144
4013,631027,63
4014,1282793,128
4015,850835,85
4016,1860336,186
4017,3610630,361
4018,3126230,313
4019,1166991,117
4020,4978954,498
4021,1562636,156
4022,1875852,188
4023,2991349,299
4024,4178092,418
4025,2146322,215
4026,2080513,208
4027,1586277,159
4028,775504,78
4029,1929326,193
4030,1434521,143
4031,1893855,189
4032,851106,85
4033,2059032,206
4034,808806,81
4035,1148597,115
4036,1439919,144
4037,2672851,267
4038,1675815,168
4039,3746562,375
4040,3401897,340
4041,3352763,335
4042,4225433,423
4043,1151838,115
4044,3052449,305
4045,4093044,409
4046,1578777,158
4047,6292847,629
4048,3408567,341
4049,2854394,285
4050,1029149,103
4051,1693941,169
4052,3975107,398
4053,2655927,266
4054,2006288,201
4055,1626476,163
4056,1983218,198
4057,2086797,209
4058,1169731,117
4059,1915834,192
4060,1612032,161
4061,1553087,155
4062,1734724,173
4063,1126727,113
4064,1071532,107
4065,1592947,159
4066,1177617,118
4067,1029183,103
4068,1136354,114
4069,2395948,240
4070,781554,78
4071,1174728,117
4072,1683109,168
4073,1658145,166
4074,2086473,209
4075,1804425,180
4076,2065853,207
4077,2261024,226
4078,4190044,419
4079,4125491,413
4080,4139983,414
4081,2757902,276
4082,2036403,204
4083,2103749,210
4084,3858512,386
4085,1677458,168
4086,1255552,126
4087,1123001,112
4088,3488848,349
4089,3565402,357
4090,2367637,237
4091,8773042,877
4092,6070212,607
4093,15245617,1525
4094,13650797,1365
4095,3283525,328
4096,12992082,1299
4097,12944863,1294
4098,9302609,930
4099,12790210,1279
4100,19741340,1974
4101,4224800,422
4102,1466128,147
4103,1777805,178
4104,2874051,287
4105,2679883,268
4106,14038585,1404
4107,2133311,213
4108,2080193,208
4109,3162771,316
4110,3191201,319
4111,3413654,341
4112,2984513,298
4113,22103222,2210
4114,12577074,1258
4115,11101379,1110
4116,2344345,234
4117,1745115,175
4118,1276504,128
4119,2158753,216
4120,2125393,213
4121,4254593,425
4122,2244428,224
4123,1730309,173
4124,2544642,254
4125,2901625,290
4126,2112161,211
4127,2506485,251
4128,2032383,203
4129,1605425,161
4130,3491941,349
4131,4076069,408
4132,10101585,1010
4133,12999739,1300
4134,12869213,1287
4135,16544771,1654
4136,5672342,567
4137,19493347,1949
4138,5527948,553
4139,34483663,3448
4140,30784417,3078
4141,22620911,2262
4142,16267232,1627
4143,23838025,2384
4144,2520518,252
4145,830585,83
4147,902982,90
4148,2890977,289
4149,29045805,2905
4150,1742959,174
4151,790367,79
4152,1590064,159
4153,2127875,213
4154,25616240,2562
4155,17174576,1717
4156,3333410,333
4157,1172433,117
4158,1750811,175
4159,1527308,153
4160,3249170,325
4161,539384,54
4162,2367650,237
4163,2236565,224
4164,2111264,211
4165,6068983,607
4166,2571699,257
4167,7631079,763
4168,8520551,852
4169,23839068,2384
4170,34113116,3411
4171,6056052,606
4172,14703028,1470
4173,16890442,1689
4174,25293901,2529
4175,16961655,1696
4176,923472,92
4177,2078278,208
4178,1896841,190
4179,4861815,486
4180,4394154,439
4181,1774864,177
4182,2624471,262
4183,4392346,439
4184,4448582,445
4185,5457936,546
4186,4128688,413
4187,2806094,281
4188,2804030,280
4189,3444883,344
4190,1439770,144
4191,3698816,370
4192,1785333,179
4193,885468,89
4194,1065120,107
4195,5814918,581
4196,898343,90
4197,804817,80
5001,35286261,3529
5002,3891716,389
5003,16285483,1629
5004,19806634,1981
5005,3868285,387
5006,2229491,223
5007,4305106,431
5008,16253937,1625
5009,4255313,426
5010,2479750,248
5011,4329465,433
5012,17131769,1713
5013,14326013,1433
5014,4240485,424
5015,2450132,245
5016,11451069,1145
5017,2076606,208
5018,19163894,1916
5020,11871234,1187
5021,1822819,182
5023,2295532,230
5025,2303936,230
5026,1551461,155
5027,5102817,510
5028,3367484,337
5030,37778034,3778
5031,1330698,133
5032,1799144,180
5033,3904716,390
5034,1422926,142
5035,1747891,175
5036,50844508,5084
5037,1650687,165
5038,3989376,399
5039,1863909,186
5040,2169371,217
5041,2355721,236
5042,6967062,697
5043,1470813,147
5044,1421986,142
5045,1043352,104
5046,1474015,147
5047,2243023,224
5048,5743969,574
5049,5454742,545
5050,1302578,130
5051,1360315,136
5052,2300104,230
5053,1524123,152
5054,3064379,306
5055,5001352,500
5056,1364253,136
5057,842445,84
5058,2660292,266
5059,2849556,285
5060,827334,83
5061,6158238,616
5062,744669,74
5063,851952,85
5065,2229282,223
5066,1992069,199
5067,2065730,207
5068,944589,94
5069,889769,89
5071,751175,75
5072,32587729,3259
5073,2944019,294
5074,857289,86
5075,872246,87
5076,923267,92
5077,3109025,311
5078,2310293,231
5079,515049,52
5080,618923,62
5081,953109,95
5082,1198040,120
5084,1696546,170
5086,1057731,106
5087,466811,47
5088,3896462,390
5089,1326742,133
5090,828663,83
5091,760614,76
5092,887097,89
5093,783072,78
5094,2679357,268
5095,861818,86
5096,907177,91
5097,876585,88
5098,930434,93
5099,1066117,107
5100,2668995,267
5101,1351559,135
5102,802884,80
5103,18562647,1856
5104,1522074,152
5105,1491410,149
5106,915486,92
5107,631630,63
5108,1853868,185
5109,8125382,813
5110,863198,86
5111,1260981,126
5112,774360,77
5113,967053,97
5114,821558,82
5115,1114986,111
5116,905891,91
5117,523784,52
5118,1030777,103
5119,1752608,175
5120,721482,72
5121,854424,85
5122,832835,83
5123,737775,74
5125,427078,43
5126,422648,42
5127,1030569,103
5128,872415,87
5129,964163,96
5130,919131,92
5131,1023314,102
5132,1036836,104
5133,2970492,297
5135,1061227,106
5136,907948,91
5137,4546278,455
5138,6712181,671
5139,1510370,151
5140,1789931,179
5141,961241,96
5142,457462,46
5143,1076024,108
5144,1172780,117
5145,1807240,181
5147,496797,50
5148,1933623,193
5149,542855,54
5150,741965,74
5151,1164496,116
5153,1292038,129
5154,484505,48
5155,696872,70
5156,264263,26
5157,496820,50
5158,1333897,133
5159,444816,44
5160,1197185,120
5161,624081,62
5162,378947,38
5163,196773,20
5164,448763,45
5165,525624,53
5166,1277961,128
5167,206907,21
5168,227187,23
5169,1609446,161
5170,547388,55
5171,136088,14
5172,364308,36
5173,326137,33
5174,345563,35
5175,1860625,186
5176,721151,72
5177,73110744,7311
5178,1350654,135
5179,139605,14
5180,599012,60
5181,551792,55
5182,2519306,252
5183,676210,68
5184,148791,15
5185,891478,89
5186,337026,34
5187,167447,17
5188,605332,61
5190,108487,11
5191,1980882,198
5192,397360,40
5193,189858,19
5194,598054,60
5195,180371,18
5196,1423758,142
5197,5946346,595
5198,1686027,169
5199,568278,57
5200,639084,64
5201,578433,58
5202,1679880,168
5203,1149314,115
5204,396373,40
5205,1175133,118
5206,1979760,198
5207,2452145,245
5208,1878230,188
5210,5658177,566
5211,1796769,180
5212,2952412,295
5213,5714569,571
5214,10239558,1024
5215,5470131,547
5216,90952263,9095
5219,46398245,4640
5223,34076653,3408
5224,37610597,3761
5225,54027972,5403
5226,30683895,3068
5227,31531695,3153
5228,3386521,339
5229,5021270,502
5230,2089495,209
5231,924324,92
5232,2982864,298
5233,1876243,188
5234,1120890,112
5235,2748449,275
5236,867609,87
5237,803211,80
5238,1491720,149
5239,2327169,233
5240,1035327,104
5241,2160175,216
5242,1980048,198
5243,3304961,330
5244,546645,55
5245,1445495,145
5246,1064837,106
5247,3251932,325
5248,15165004,1517
5249,8074932,807
5250,38676011,3868
5251,4749366,475
5252,936754,94
5253,1105449,111
8401,3730000,373
8402,2413528,241
8403,6130549,613
8404,1928033,193
8405,1205625,121
8411,288148045,28815
8412,5330636,533
8413,266284652,26628
8414,311348504,31135
8415,280803288,28080
8416,163113671,16311
8417,167006470,16701
8501,2073370,207
8502,338540,34
8503,285142,29
8504,1212640,121
8505,2137593,214
8506,1085575,109
8507,1821255,182
8508,1686382,169
8509,1583960,158
8510,1578067,158
8511,1265465,127
8512,1285529,129
8513,1146696,115
8514,1022962,102
8515,1006072,101
8516,2488989,249
8517,1011005,101
8518,2360792,236
8519,1416053,142
8520,1468429,147
8521,5024371,502
8522,7680619,768
8523,5398848,540
8524,6118614,612
8525,1152699,115
8526,2003772,200
8527,8704882,870
8528,2762622,276
8529,3656079,366
8530,3159854,316
8531,2522779,252
8532,1616729,162
8667,63432128,6343
8681,9189477,919
8682,5966645,597
8683,7141252,714
8684,7861973,786
8685,6565527,657
8701,879453998,87945
8702,188936406,18894
8703,270009800,27001
8704,350964230,35096
8705,208176621,20818
8706,50537135,5054
8707,172368874,17237
8708,247924086,24792
8709,34523189,3452
8710,22608433,2261
8711,52696980,5270
8712,87515330,8752
8713,118404605,11840
8714,244360914,24436
8715,145200398,14520
8716,279061091,27906
8801,2185172,219
8802,2485063,249
8803,2855368,286
8804,2912446,291
8805,2359302,236
8806,2529745,253
8807,1793774,179
8808,3430281,343
8809,2669780,267
8810,2303450,230
8811,1723923,172
8812,2050498,205
8813,2612817,261
8814,1328568,133
8815,2152742,215
8816,2601741,260
8817,1686795,169
8818,1618746,162
8819,3225719,323
8820,2241047,224
8821,3275178,328
8822,3635950,364
8823,4219271,422
8824,2144309,214
8825,1508742,151
8851,377789643,37779
8852,489308794,48931
8853,165136956,16514
8854,400116377,40012
8855,306377326,30638
1,523790,52
1001,55376920,5538
2,1180221,118
1002,2107529,211
3,220539,22
1003,54760988,5476
4,253126,25
1004,1863975,186
5,501254,50
1005,1458462,146
6,1055011,106
1006,1291142,129
7,1732345,173
1007,2760361,276
8,731684,73
1008,945704,95
9,661070,66
1009,1330118,133
10,444796,44
1010,1105851,111
11,284403,28
1011,1286854,129
12,257436,26
1012,9330626,933
13,146306,15
1013,4121475,412
14,225796,23
1014,2906958,291
15,157760,16
1015,2340960,234
16,321609,32
1016,885941,89
17,386908,39
1017,5935324,594
18,263676,26
1018,3427373,343
19,429403,43
1019,5160282,516
20,666770,67
1020,2362464,236
21,424223,42
1021,2738396,274
22,328483,33
1022,3586690,359
7001,873906,87
23,419948,42
1023,2436845,244
7002,1906626,191
24,319711,32
1024,7642601,764
7003,697668,70
25,353833,35
1025,2966155,297
7004,570508,57
26,272770,27
1026,1973223,197
7005,784000,78
27,83734,8
1027,1423269,142
7006,1260610,126
28,86068,9
1028,2562572,256
7007,468077,47
29,127236,13
1029,2175414,218
7008,429563,43
30,92894,9
1030,2423710,242
7009,545051,55
31,62456,6
1031,2524607,252
7010,152923,15
32,46668,5
1032,2680148,268
7011,538877,54
33,53181,5
1033,1073778,107
7012,191206,19
34,152201,15
1034,2807803,281
7013,315409,32
35,94116,9
1035,2937310,294
7014,333849,33
36,191936,19
1036,1069531,107
7015,321575,32
37,203622,20
1037,1349144,135
7016,238768,24
8551,105802383,10580
38,318918,32
1038,1733232,173
7017,724933,72
8552,47897685,4790
39,99111,10
1039,1720957,172
7018,172058,17
8553,131277888,13128
40,134128,13
1040,582265,58
7019,382787,38
8554,14077534,1408
41,135118,14
1041,428136,43
7020,571914,57
8555,195311542,19531
42,188052,19
1042,354765,35
7021,444532,44
8556,172078427,17208
43,229845,23
1043,496690,50
7022,310371,31
8557,222006869,22201
44,389631,39
1044,534334,53
7023,617266,62
8558,4809755,481
45,329545,33
1045,886570,89
7024,1007839,101
8559,14636392,1464
46,137331,14
1046,2989326,299
7025,642800,64
8560,101183723,10118
47,275030,28
1047,2640308,264
7026,1074424,107
8561,70233904,7023
48,91063,9
1048,567072,57
7027,2335026,234
8562,6521099,652
49,187497,19
1049,2670869,267
7028,762682,76
8563,7963088,796
50,137918,14
1050,1014714,101
7029,762195,76
8564,1727730,173
51,227831,23
1051,769781,77
7030,281619,28
8565,1752620,175
52,109850,11
1052,1738806,174
7031,635191,64
8566,5273372,527
53,171013,17
1053,1714825,171
7032,231193,23
8567,4824682,482
54,75300,8
1054,1521183,152
7033,517174,52
8568,12043146,1204
55,186890,19
1055,3233332,323
7034,234436,23
8569,6842898,684
56,59484,6
1056,1821541,182
7035,656986,66
8570,24445062,2445
57,150921,15
1057,4852948,485
7036,264729,26
8571,105106115,10511
58,84000,8
1058,3447953,345
7037,465727,47
8572,137135887,13714
59,91016,9
1059,5088945,509
7038,106379,11
8573,18618110,1862
60,103407,10
1060,4420776,442
7039,487538,49
8574,11667672,1167
61,79245,8
1061,2662728,266
7040,875155,88
8575,15339147,1534
62,243584,24
1062,799512,80
7041,512342,51
8576,11172761,1117
63,239467,24
1063,1823959,182
7042,417680,42
8577,6804960,680
64,226048,23
1064,589081,59
7043,311352,31
8578,4028942,403
65,230291,23
1065,825738,83
7044,219682,22
8579,43348172,4335
66,286797,29
1066,1719304,172
7045,60540,6
8580,68719407,6872
67,390647,39
1067,1099650,110
7046,262853,26
8581,104204454,10420
68,460182,46
1068,1094387,109
7047,132254,13
8582,66675262,6668
69,452391,45
1069,1440651,144
7048,375673,38
8583,556178536,55618
70,318336,32
1070,1011731,101
7049,163271,16
8584,77828057,7783
71,831344,83
1071,1032559,103
7050,240097,24
8585,188053436,18805
72,624878,62
1072,1008289,101
7051,255893,26
8586,37298727,3730
73,269386,27
1073,1662383,166
7052,147398,15
8587,57536455,5754
74,365731,37
1074,1344133,134
7053,353198,35
8588,75771121,7577
75,366318,37
1075,1998736,200
7054,442940,44
8589,235079962,23508
76,318213,32
1076,1154242,115
7055,252970,25
8590,39807395,3981
77,242831,24
1077,377076,38
7056,434724,43
8591,134642303,13464
78,220122,22
1078,251677,25
7057,506404,51
8592,170177275,17018
79,265283,27
1079,623792,62
7058,653825,65
8593,247412903,24741
80,170430,17
1080,808634,81
7059,843351,84
8594,17088053,1709
81,3350725,335
1081,973642,97
7060,989605,99
8595,15550795,1555
82,112907,11
1082,1376575,138
7061,3726399,373
8596,30003534,3000
83,181627,18
1083,265234,27
7062,3679662,368
8597,142924515,14292
84,321622,32
1084,541323,54
7063,11543560,1154
8598,69127980,6913
85,270712,27
1085,816255,82
7064,6751984,675
8599,2819990,282
86,491041,49
1086,798038,80
7065,678598,68
8600,1719823,172
87,273067,27
1087,794308,79
7066,1281234,128
8601,85833513,8583
88,174976,17
1088,2656200,266
7067,2056407,206
8602,0,0
89,739753,74
1089,1045181,105
7068,1010172,101
8603,23512234,2351
90,901765,90
1090,1556846,156
7069,5451428,545
8604,108679395,10868
91,368908,37
1091,875859,88
7070,2407805,241
8605,6668331,667
92,317658,32
1092,1562054,156
7071,634588,63
8606,2428229,243
93,650223,65
1093,2212792,221
7072,326961,33
8607,10541585,1054
94,616063,62
1094,1406245,141
7073,1576578,158
8608,5081362,508
95,639063,64
1095,1467582,147
7074,2007731,201
8609,6195336,620
96,509330,51
1096,2189816,219
7075,2521237,252
8610,6570810,657
97,490157,49
1097,4011344,401
7076,1072567,107
8611,6294515,629
98,553802,55
1098,2011426,201
7077,1457378,146
8612,9493121,949
99,495568,50
1099,15288731,1529
7078,922295,92
8613,5536336,554
100,295081,30
1100,10312944,1031
7079,476020,48
8614,10490353,1049
101,702564,70
1101,4834693,483
7080,401930,40
8615,4765185,477
102,276246,28
1102,7612082,761
7081,1908638,191
8616,4785999,479
103,315475,32
1103,5034367,503
7082,2779698,278
8617,4945246,495
104,549122,55
1104,2510859,251
7083,456568,46
8618,116496695,11650
105,873598,87
1105,4773751,477
7084,214603,21
8619,33868410,3387
106,721040,72
1106,4560202,456
7085,646620,65
8620,6649403,665
107,686041,69
1107,2355225,236
7086,654832,65
8621,19158046,1916
108,426625,43
1108,2471528,247
7087,715407,72
8622,2265161,227
109,671948,67
1109,7313798,731
7088,832903,83
8623,819721,82
110,994492,99
1110,1650681,165
7089,1154959,115
8624,16893970,1689
111,171013,17
1111,3509479,351
7090,1060152,106
8625,811664,81
112,352547,35
1112,592701,59
7091,846451,85
8626,883856,88
113,800829,80
1113,1978788,198
7092,2246038,225
8627,4956264,496
114,498246,50
1114,1080653,108
7093,822492,82
8628,44688708,4469
115,690958,69
1115,5756873,576
7094,970433,97
8629,20178595,2018
116,578316,58
1116,814428,81
7095,546654,55
8630,45103458,4510
117,287880,29
1117,5077129,508
7096,626824,63
8631,511253,51
118,429235,43
1118,2533433,253
7097,1544018,154
8632,457110,46
119,466700,47
1119,703042,70
7098,719625,72
8633,39941948,3994
120,2709045,271
1120,2403352,240
7099,370473,37
8634,423570,42
121,426606,43
1121,2714020,271
7100,419158,42
8635,2615868,262
122,1489802,149
1122,1692825,169
7101,428966,43
8636,2713464,271
123,1084485,108
1123,1717669,172
7102,38608,4
8637,22373811,2237
124,792534,79
1124,3403255,340
7103,82329,8
8638,821356,82
125,837943,84
1125,2544582,254
7104,225192,23
8639,2909629,291
126,559485,56
1126,1239930,124
7105,205645,21
8640,2534233,253
127,847695,85
1127,1503775,150
7106,128065,13
8641,4272591,427
128,651054,65
1128,1677347,168
7107,177302,18
8642,13816268,1382
129,1014470,101
1129,1517014,152
7108,236851,24
8643,6595437,660
130,2106686,211
1130,1168200,117
7109,206090,21
8644,9188193,919
131,1063821,106
1131,535151,54
7110,435555,44
8645,1979300,198
132,808827,81
1132,1163836,116
7111,365755,37
8646,1347358,135
133,732910,73
1133,531290,53
7112,340347,34
8647,3416932,342
134,1024915,102
1134,1402392,140
7113,160271,16
8648,107631213,10763
135,1711728,171
1135,1991760,199
7114,107052,11
8649,127071557,12707
136,510682,51
1136,1328727,133
7115,236189,24
8650,29240502,2924
137,1631921,163
1137,1197309,120
7116,148076,15
8651,76361301,7636
138,465494,47
1138,802233,80
7117,292941,29
8652,62239458,6224
139,1358943,136
1139,664434,66
7118,629002,63
8653,17910141,1791
140,584509,58
1140,1408583,141
7119,128370,13
8654,10800230,1080
141,561529,56
1141,490363,49
7120,203079,20
8655,12296990,1230
142,482146,48
1142,677701,68
7121,199412,20
8656,24714646,2471
143,1186956,119
1143,625556,63
7122,227955,23
8657,17309164,1731
144,762011,76
1144,860634,86
7123,191359,19
8658,104977423,10498
145,617645,62
1145,1749924,175
7124,589059,59
8659,6329141,633
146,743592,74
1146,1532143,153
7125,474923,47
8660,16885011,1689
147,740409,74
1147,1718902,172
7126,571764,57
8661,17766410,1777
148,720751,72
1148,788556,79
7127,407823,41
8662,2203395,220
149,678664,68
1149,1760968,176
7128,546690,55
8663,4391214,439
150,1072920,107
1150,2509389,251
7129,325099,33
8664,4746977,475
151,668404,67
1151,1209640,121
7130,187151,19
8665,5444270,544
152,604573,60
1152,700121,70
7131,111434,11
8666,3800578,380
153,1273537,127
1153,2677781,268
7132,83537,8
154,1410447,141
1154,4852242,485
7133,119093,12
155,1116983,112
1155,2654261,265
7134,97095,10
156,876438,88
1156,9345347,935
7135,58300,6
157,1954490,195
1157,18751711,1875
7136,232462,23
158,998516,100
1158,2338621,234
7137,356035,36
159,577805,58
1159,1802672,180
7138,176004,18
160,561424,56
1160,3604408,360
7139,252848,25
161,451807,45
1161,6281972,628
7140,38402,4
162,732458,73
1162,1157518,116
7141,390421,39
163,812679,81
1163,396730,40
7142,286118,29
164,957687,96
1164,777053,78
7143,164970,16
165,927621,93
1165,1188563,119
7144,31861,3
166,629164,63
1166,883685,88
7145,43789,4
167,375185,38
1167,1174224,117
7146,163030,16
168,215252,22
1168,2006934,201
7147,244917,24
169,475063,48
1169,2441642,244
7148,89025,9
170,627977,63
1170,2627149,263
7149,389524,39
171,452227,45
1171,2023687,202
7150,406868,41
172,626895,63
1172,857687,86
7151,1135073,114
173,1237489,124
1173,3529533,353
7152,378326,38
174,777220,78
1174,2245538,225
7153,340958,34
175,565574,57
1175,2717207,272
7154,452806,45
176,575742,58
1176,1882033,188
7155,181645,18
177,817797,82
1177,2370054,237
7156,315860,32
178,1165926,117
1178,3239662,324
7157,661878,66
179,702072,70
1179,1915771,192
7158,522130,52
180,532741,53
1180,2234189,223
7159,132017,13
181,1086721,109
1181,3294523,329
7160,274021,27
182,1109413,111
1182,3330101,333
7161,240570,24
183,1393000,139
1183,858609,86
7162,88275,9
184,911544,91
1184,2017265,202
7163,129684,13
185,1049588,105
1185,1330593,133
7164,515560,52
186,652144,65
1186,1782967,178
7165,295346,30
187,408562,41
1187,1721133,172
7166,123684,12
188,862477,86
1188,3421843,342
7167,354882,35
189,1102614,110
1189,3621588,362
7168,803714,80
190,176318,18
1190,1684991,168
7169,88303,9
191,658041,66
1191,866258,87
7170,647425,65
192,1036818,104
1192,1342586,134
7171,1089488,109
193,1283751,128
1193,819699,82
7172,704973,70
194,1227282,123
1194,927517,93
7173,748300,75
195,1972423,197
1195,129871,13
7174,802720,80
196,1236350,124
1196,183557,18
7175,1151269,115
197,1280522,128
1197,1055392,106
7176,738722,74
198,575284,58
1198,328946,33
7177,1046044,105
199,416818,42
1199,301856,30
7178,471957,47
200,590108,59
1200,1993742,199
7179,269492,27
201,886864,89
1201,1395179,140
7180,419228,42
202,607041,61
1202,1676739,168
7181,210560,21
203,559314,56
1203,1681432,168
7182,159886,16
204,551858,55
1204,1358888,136
7183,595701,60
205,1591451,159
1205,343533,34
7184,293121,29
206,1138006,114
1206,388655,39
7185,1159655,116
207,1144593,114
1207,836059,84
7186,1283471,128
208,842480,84
1208,547438,55
7187,1134735,113
209,431075,43
1209,955579,96
7188,2163921,216
210,560515,56
1210,2115010,212
7189,464425,46
211,528314,53
1211,2232140,223
7190,651334,65
212,912057,91
1212,1126895,113
7191,392514,39
213,971957,97
1213,958998,96
7192,862459,86
214,1056355,106
1214,689384,69
7193,682713,68
215,1330305,133
1215,1059530,106
7194,1013888,101
216,1344109,134
1216,1908465,191
7195,716186,72
217,1584588,158
1217,2690859,269
7196,242333,24
218,1337973,134
1218,3076799,308
7197,299537,30
219,1287267,129
1219,809560,81
7198,1228036,123
220,1179645,118
1220,1556944,156
7199,1484384,148
221,973247,97
1221,1463931,146
7200,311219,31
222,969768,97
1222,2267200,227
7201,5390457,539
223,2479165,248
1223,1059665,106
7202,5946544,595
224,1135630,114
1224,2250334,225
7203,4523318,452
225,1987933,199
1225,2571039,257
7204,1603804,160
226,1592901,159
1226,39649044,3965
7205,1092825,109
227,2751439,275
1227,34915086,3492
7206,591757,59
228,1333294,133
1228,33494096,3349
7207,1034671,103
229,1522714,152
1229,29110196,2911
7208,1174511,117
230,3205065,321
1230,9706570,971
7209,1040175,104
231,1287579,129
1231,5249252,525
7210,1059494,106
232,1244250,124
1232,9843471,984
7211,780812,78
233,1500374,150
1233,10376983,1038
7212,1887171,189
234,1138676,114
1234,15765910,1577
7213,540934,54
235,1201897,120
1235,20794047,2079
7214,2214297,221
236,1582753,158
1236,3046200,305
7215,1324761,132
237,2564402,256
1237,1540561,154
7216,1544609,154
238,1469529,147
1238,2544685,254
7217,5383211,538
239,2381920,238
1239,3065033,307
7218,9608355,961
240,767999,77
1240,1181640,118
7219,960983,96
241,1045809,105
1241,3788817,379
7220,3490253,349
242,849478,85
1242,1454956,145
7221,2677844,268
243,1233464,123
1243,2198232,220
7222,1289937,129
244,1406321,141
1244,3420999,342
7223,907663,91
245,676093,68
1245,2057923,206
7224,564718,56
246,1326867,133
1246,1884730,188
7225,1819614,182
247,579796,58
1247,1091717,109
7226,1285518,129
248,825436,83
1248,5037772,504
7227,678179,68
249,2173132,217
1249,4686266,469
7228,740571,74
250,1854350,185
1250,10000874,1000
7229,1207689,121
251,860232,86
1251,1039309,104
7230,1526567,153
252,1011373,101
1252,5161122,516
7231,1044797,104
253,1235742,124
1253,2953753,295
7232,1550229,155
254,896884,90
1254,3349687,335
7233,1335724,134
255,709083,71
1255,3138835,314
7234,2515508,252
256,767905,77
1256,1826125,183
7235,2293487,229
257,1132370,113
1257,1741616,174
7236,1879020,188
258,832055,83
1258,3514210,351
7237,831002,83
259,1322588,132
1259,1472640,147
7238,1041731,104
260,918824,92
1260,755136,76
7239,676972,68
261,1392029,139
1261,3359987,336
7240,8632064,863
262,1204892,120
1262,1668103,167
7241,1496137,150
263,953937,95
1263,1003653,100
7242,1025431,103
264,811101,81
1264,914542,91
7243,530567,53
265,395613,40
1265,1361795,136
7244,665795,67
266,776976,78
1266,1873899,187
7245,2052426,205
267,248917,25
1267,1819501,182
7246,2426239,243
268,352895,35
1268,4097633,410
7247,516010,52
269,843351,84
1269,1972336,197
7248,1063789,106
270,671613,67
1270,3528403,353
7249,1090961,109
271,685924,69
1271,1012230,101
7250,9967618,997
272,860755,86
1272,854199,85
7251,819814,82
273,403629,40
1273,1980657,198
7252,516947,52
274,537999,54
1274,1370888,137
7253,1441123,144
275,172822,17
1275,33514544,3351
7254,1245778,125
276,270470,27
1276,3021550,302
7255,630319,63
277,463812,46
1277,63145000,6315
7256,800420,80
278,455799,46
1278,19129012,1913
7257,1187680,119
279,479846,48
1279,5085094,509
7258,76512,8
280,407990,41
1280,76993634,7699
7259,902773,90
281,1034521,103
1281,39039998,3904
7260,1288115,129
282,1746842,175
1282,5635127,564
7261,221264,22
283,1301913,130
1283,4603595,460
7262,806531,81
284,612591,61
1284,1586555,159
7263,749713,75
285,1262662,126
1285,878179,88
7264,996671,100
286,676824,68
1286,2203657,220
7265,950940,95
287,1555977,156
1287,1892974,189
7266,592885,59
288,1528230,153
1288,1380054,138
7267,1013035,101
289,797397,80
1289,2590929,259
7268,862962,86
290,1493361,149
1290,11607287,1161
7269,8469311,847
291,799076,80
1291,10575952,1058
7270,918538,92
292,2433742,243
1292,22559010,2256
7271,4638775,464
293,513838,51
1293,52570995,5257
7272,1223715,122
294,1094914,109
1294,69624946,6962
7273,1549511,155
295,1167848,117
1295,51374802,5137
7274,724763,72
296,1066143,107
1296,3260823,326
7275,4322444,432
297,1706576,171
1297,2847725,285
7276,239848,24
298,1492379,149
1298,2146096,215
7277,319452,32
299,2037616,204
1299,1908277,191
7278,461069,46
300,809287,81
1300,2915474,292
7279,344422,34
301,2092607,209
1301,2375408,238
7280,492645,49
302,713828,71
1302,729630,73
7281,1383534,138
303,492700,49
1303,645806,65
7282,1321217,132
304,682972,68
1304,43136011,4314
7283,674721,67
305,1447650,145
1305,48327084,4833
7284,1228807,123
306,1477729,148
1306,41155518,4116
7285,450346,45
307,1897471,190
1307,20361829,2036
7286,879289,88
308,1912710,191
1308,24693828,2469
7287,980371,98
309,1536482,154
1309,49407401,4941
7288,987318,99
310,858639,86
1310,63493529,6349
7289,367457,37
311,453873,45
1311,61563468,6156
7290,457599,46
312,278142,28
1312,62923675,6292
7291,238482,24
313,674070,67
1313,81257217,8126
7292,218962,22
314,955611,96
1314,56002021,5600
7293,360248,36
315,655192,66
1315,36626538,3663
7294,699581,70
316,812722,81
1316,8769919,877
7295,225813,23
317,869556,87
1317,3345041,335
7296,617374,62
318,1205480,121
1318,5136180,514
7297,1262028,126
319,1023128,102
1319,21665210,2167
7298,5642025,564
320,1048973,105
1320,47077211,4708
7299,1187874,119
321,678781,68
1321,39401614,3940
7300,2940917,294
322,1744992,174
1322,48286512,4829
7301,2048503,205
323,1326938,133
1323,9612906,961
7302,631685,63
324,1341194,134
1324,54955433,5496
7303,1091149,109
325,1323128,132
1325,5867695,587
7304,666711,67
326,787211,79
1326,34626335,3463
7305,1603806,160
327,280244,28
1327,34952152,3495
7306,1895389,190
328,351848,35
1328,89010772,8901
7307,1959360,196
329,980514,98
1329,28627156,2863
7308,2938047,294
330,924238,92
1330,2778170,278
7309,4626653,463
331,472130,47
1331,59248873,5925
7310,6455122,646
332,372758,37
1332,1280213,128
7311,2971419,297
333,670858,67
1333,48397543,4840
7312,1107203,111
334,914747,91
1334,52426635,5243
7313,1225890,123
335,3112172,311
7314,457623,46
336,2314796,231
7315,1228349,123
337,2053236,205
7316,960012,96
338,1089702,109
7317,563767,56
339,1013234,101
7318,2939754,294
340,2005834,201
7319,1528552,153
341,1291851,129
7320,1120529,112
342,1229392,123
7321,2672283,267
343,1272415,127
7322,694471,69
344,1032322,103
7323,745584,75
345,990922,99
7324,1563682,156
346,1200024,120
7325,705082,71
347,1069560,107
7326,431991,43
348,1038846,104
7327,306325,31
349,1562593,156
7328,394671,39
350,2603254,260
7329,315059,32
351,980388,98
7330,543797,54
352,955534,96
7331,139309,14
353,1287226,129
7332,314230,31
354,1130627,113
7333,151591,15
355,1246734,125
7334,560307,56
356,1775539,178
7335,613003,61
357,3325954,333
7336,1257484,126
358,1798102,180
7337,318890,32
359,1693113,169
7338,373969,37
360,2885980,289
7339,140192,14
361,1116317,112
7340,377886,38
362,732038,73
7341,411099,41
363,1085102,109
7342,663148,66
364,1083546,108
7343,207636,21
365,1800511,180
7344,322112,32
366,1421931,142
7345,125847,13
367,1128098,113
7346,269375,27
368,2146815,215
7347,399701,40
369,539912,54
7348,909640,91
370,1524752,152
7349,342426,34
371,1495539,150
7350,643010,64
372,1141728,114
7351,348418,35
373,1224810,122
7352,652299,65
374,1424811,142
7353,1046440,105
375,1999283,200
7354,1088355,109
376,622659,62
7355,749263,75
377,493852,49
7356,712655,71
378,3313328,331
7357,879916,88
379,1996844,200
7358,334394,33
380,564849,56
7359,2260872,226
381,406967,41
7360,670708,67
382,1537359,154
7361,1215645,122
383,1182585,118
7362,1110760,111
384,1523413,152
7363,1234332,123
385,1197689,120
7364,2532774,253
386,1594858,159
7365,818904,82
387,1621298,162
7366,764496,76
388,2725009,273
7367,673413,67
389,1480695,148
7368,368941,37
390,1268864,127
7369,100353,10
391,1955625,196
7370,181773,18
392,1786157,179
7371,153301,15
393,2334151,233
7372,652707,65
394,1739347,174
7373,543592,54
395,1052397,105
7374,390853,39
396,890908,89
7375,121690,12
397,331099,33
7376,850418,85
398,1006084,101
7377,1485859,149
399,799568,80
7378,855961,86
400,1945863,195
7379,2014152,201
401,1002570,100
7380,3978440,398
402,2979054,298
7381,2276681,228
403,1552561,155
7382,1410667,141
404,1642013,164
7383,5219560,522
405,1613580,161
7384,3717603,372
406,1202480,120
7385,589307,59
407,2011285,201
7386,183552,18
408,431691,43
7387,458125,46
409,564252,56
7388,263886,26
410,1147420,115
7389,1006822,101
411,1873721,187
7390,326588,33
412,961570,96
7391,176704,18
413,1093521,109
7392,598255,60
414,929170,93
7393,1278692,128
415,723730,72
7394,883651,88
416,1078021,108
7395,606653,61
417,309210,31
7396,1191585,119
418,330399,33
7397,375952,38
419,606377,61
7398,786415,79
420,451732,45
7399,791738,79
421,2602440,260
7400,646185,65
422,1315883,132
7401,622517,62
423,828103,83
7402,646234,65
424,1427981,143
7403,542004,54
425,726721,73
7404,622491,62
426,782061,78
7405,1323757,132
427,949132,95
7406,874458,87
428,2486913,249
7407,402406,40
429,1168274,117
7408,606920,61
430,1734615,173
7409,178979,18
431,1158419,116
7410,560108,56
432,736506,74
7411,677072,68
433,521335,52
7412,150983,15
434,748579,75
7413,313053,31
435,1667443,167
7414,292541,29
436,755194,76
7415,851898,85
437,1413045,141
7416,2670495,267
438,1115607,112
7417,1301983,130
439,1696278,170
7418,1919918,192
440,2269320,227
7419,3358013,336
441,1413938,141
7420,991667,99
442,170290,17
7421,1764117,176
443,339702,34
7422,1171959,117
444,238705,24
7423,6184774,618
445,452751,45
7424,6298157,630
446,333717,33
7425,5385010,539
447,664936,66
7426,5845953,585
448,172697,17
7427,982786,98
449,358889,36
7428,263492,26
450,293697,29
7429,4983589,498
451,622527,62
7430,2761128,276
452,330584,33
7431,2765790,277
453,449567,45
7432,1964815,196
454,332299,33
7433,874144,87
455,699809,70
7434,1522888,152
456,904063,90
7435,7603342,760
457,1386667,139
7436,8451819,845
458,1083383,108
7437,2302435,230
459,1808998,181
7438,5510028,551
460,1853999,185
7439,8184584,818
461,1045830,105
7440,1754541,175
462,1852308,185
7441,9078144,908
463,1317032,132
7442,7353715,735
464,365263,37
7443,1676307,168
465,629559,63
7444,10247487,1025
466,902774,90
7445,12340088,1234
467,1695621,170
7446,16733541,1673
468,996800,100
7447,5677604,568
469,1190904,119
7448,2948244,295
470,1429425,143
7449,10338351,1034
471,649807,65
7450,18445413,1845
472,633065,63
7451,4093373,409
473,1062047,106
7452,20564542,2056
474,765863,77
7453,8710427,871
475,464758,46
7454,20086100,2009
476,380011,38
7455,22120582,2212
477,677879,68
7456,19939615,1994
478,749054,75
7457,11748306,1175
479,677069,68
7458,5893532,589
480,1114386,111
7459,7096082,710
481,1034880,103
7460,15067299,1507
482,1246636,125
7461,18095250,1810
483,557135,56
7462,14332940,1433
484,1134334,113
7463,11631662,1163
485,1370937,137
7464,1273641,127
486,864683,86
7465,2646869,265
487,1741025,174
7466,3117501,312
488,577776,58
7467,5285612,529
489,298964,30
7468,4594509,459
490,851252,85
7469,3742397,374
491,825960,83
7470,458067,46
492,834221,83
7471,930785,93
493,472194,47
7472,1438739,144
494,929826,93
7473,1620608,162
495,1333291,133
7474,399136,40
496,840884,84
7475,1118011,112
497,1741497,174
7476,700763,70
498,1139805,114
7477,702382,70
499,734455,73
7478,914203,91
500,776861,78
7479,977841,98
501,1497788,150
7480,487575,49
502,858170,86
7481,427250,43
503,1513215,151
7482,373055,37
504,896597,90
7483,1200517,120
505,1326157,133
7484,1529364,153
506,681903,68
7485,707985,71
507,1387486,139
7486,4264309,426
508,634923,63
7487,4250750,425
509,1109420,111
7488,347782,35
510,834454,83
7489,6132342,613
511,440621,44
7490,4273081,427
512,1444127,144
7491,833150,83
513,725938,73
7492,1594336,159
514,1176791,118
7493,969353,97
515,2167003,217
7494,1591939,159
516,643450,64
7495,6130859,613
517,915576,92
7496,6036350,604
518,1103429,110
7497,371909,37
519,387733,39
7498,2188633,219
520,689730,69
7499,8166009,817
521,1332463,133
7500,1430914,143
522,891424,89
7501,2542349,254
523,1363812,136
7502,4684698,468
524,1554371,155
7503,498626,50
525,790371,79
7504,10160137,1016
526,560863,56
7505,7967811,797
527,200456,20
7506,2915952,292
528,1444682,144
7507,10170483,1017
529,863614,86
7508,13644329,1364
530,1001377,100
7509,10185403,1019
531,1233513,123
7510,13283830,1328
532,1280446,128
7511,4770452,477
533,1466932,147
7512,2135334,214
534,500233,50
7513,4401357,440
535,1094940,109
7514,5361353,536
536,1263932,126
7515,1061696,106
537,1269197,127
7516,521888,52
538,1841114,184
7517,1737149,174
539,835147,84
7518,9918343,992
540,1015522,102
7519,11524093,1152
541,726352,73
7520,781545,78
542,935078,94
7521,1813417,181
543,833054,83
7522,15963709,1596
544,1638381,164
7523,11208628,1121
545,2266529,227
7524,1146338,115
546,2360035,236
7525,20177949,2018
547,1489701,149
7526,20017639,2002
548,1002220,100
7527,20165758,2017
549,858870,86
7528,19666821,1967
550,675508,68
7529,10081572,1008
551,867577,87
7530,10064062,1006
552,691792,69
7531,852324,85
553,266566,27
7532,2072397,207
554,1306270,131
7533,9842846,984
555,2214049,221
7534,372986,37
556,2260010,226
7535,1320049,132
557,1118412,112
7536,2309204,231
558,664500,66
7537,17106223,1711
559,1052715,105
7538,9325054,933
560,2213907,221
7539,9928864,993
561,1156866,116
7540,14383956,1438
562,1142867,114
7541,12134445,1213
563,1578758,158
7542,11309066,1131
564,984533,98
7543,751420,75
565,897844,90
7544,9946470,995
566,633920,63
7545,507473,51
567,746946,75
7546,1648668,165
568,2350937,235
7547,3292504,329
569,2949594,295
7548,5712698,571
570,2454477,245
7549,5748697,575
571,3905477,391
7550,6766564,677
572,1734851,173
7551,12245661,1225
573,723578,72
7552,11341062,1134
574,1165125,117
7553,1023760,102
575,1397514,140
7554,9500022,950
576,590662,59
7555,5643851,564
577,924400,92
7556,14991381,1499
578,1382970,138
7557,6978324,698
579,1659859,166
7558,8077586,808
580,813402,81
7559,972381,97
581,825063,83
7560,1305691,131
582,806642,81
7561,4891132,489
583,819321,82
7562,9860760,986
584,820578,82
7563,8159076,816
585,1218190,122
7564,904482,90
586,879067,88
7565,1107500,111
587,1819691,182
7566,1072297,107
588,1377921,138
7567,6950117,695
589,635140,64
7568,12850444,1285
590,1364657,136
7569,983174,98
591,2563291,256
7570,7390591,739
592,1728814,173
7571,642617,64
593,924542,92
7572,650834,65
594,813628,81
7573,4233177,423
595,888985,89
7574,1560311,156
596,1345747,135
7575,3368744,337
597,1276928,128
7576,2892032,289
598,882554,88
599,1308686,131
600,2670875,267
601,1762463,176
602,650126,65
603,1099133,110
604,262947,26
605,669517,67
606,1616351,162
607,852023,85
608,1280659,128
609,2033859,203
610,1304354,130
611,1713733,171
612,1216601,122
613,1668864,167
614,1211176,121
615,1686228,169
616,1780887,178
617,2075816,208
618,950102,95
619,1116389,112
620,1521410,152
621,1360457,136
622,1074052,107
623,840960,84
624,1261752,126
625,20119228,2012
2001,1869356,187
2003,988563,99
2004,2996709,300
2006,1836045,184
2009,2749559,275
2011,1929662,193
2012,3730660,373
2014,2461826,246
2015,4814895,481
2016,5139270,514
2017,12048914,1205
2018,9942362,994
2019,4784973,478
2020,1512028,151
2021,1834528,183
2022,3600800,360
2023,2227120,223
2024,2130173,213
2025,1205020,121
2026,2277499,228
2027,2420542,242
2029,529536,53
2030,877092,88
2031,999501,100
2035,257941,26
2036,709107,71
2039,618874,62
2041,459166,46
2042,1378155,138
2044,1752558,175
2045,3943865,394
2046,2927168,293
2047,1188735,119
2048,4118797,412
2049,5554403,555
2051,4406630,441
2052,1522631,152
2053,2897493,290
2054,2154060,215
2055,2299123,230
2056,2175883,218
2057,2322512,232
2059,559692,56
2060,1640764,164
2062,1397615,140
2065,815296,82
2066,364572,36
2068,625820,63
2070,1146863,115
2071,1524689,152
2072,1943370,194
2073,2056473,206
2074,2064420,206
2076,5217830,522
2077,2085657,209
2078,2108381,211
2079,1268197,127
2080,889028,89
2081,953540,95
2083,1939298,194
2085,1041604,104
2086,915353,92
2089,920148,92
2092,846779,85
2094,1344085,134
2095,2494145,249
2096,1582631,158
2097,2636239,264
2098,2489370,249
2099,1760587,176
2100,1294847,129
2101,2904528,290
2102,4153537,415
2103,4918510,492
2104,4247128,425
2105,670616,67
2106,3589294,359
2107,1471795,147
2108,2883048,288
2109,1584142,158
2110,1172857,117
2111,1644581,164
2113,867586,87
2114,1454715,145
2116,1011728,101
2117,804157,80
2120,1702674,170
2121,939339,94
2122,1615659,162
2123,1162476,116
2124,521454,52
2127,2665436,267
2128,1789466,179
2131,1081555,108
2132,2379282,238
2133,1828005,183
2135,2959241,296
2137,4216560,422
2138,4997305,500
2139,733272,73
2141,1810747,181
2143,1590275,159
2145,1232027,123
2201,777740,78
2203,1517979,152
2206,1333295,133
2208,1555502,156
2210,931254,93
2212,1590515,159
2214,1300739,130
2216,1416673,142
2218,2162565,216
2222,1293686,129
2224,1191868,119
2226,1505599,151
2228,798245,80
2232,1782063,178
2235,1427929,143
2237,811151,81
2238,994098,99
2241,891708,89
2242,1296788,130
2244,1424428,142
2245,2321910,232
2246,207523,21
2247,1052937,105
2249,425913,43
2250,765868,77
2252,1509469,151
2254,1093264,109
2255,2766965,277
2256,1283231,128
2257,2432989,243
2258,1607960,161
2259,4035354,404
2260,2099094,210
2261,2323595,232
2263,1015810,102
2264,4270745,427
2265,2747126,275
2266,2238934,224
2267,2385525,239
2268,2011843,201
2269,2009240,201
2270,2015145,202
2271,1559736,156
2351,600215,60
2353,1378622,138
2355,670658,67
2359,491988,49
2361,790689,79
2362,1725101,173
2363,984060,98
2364,1414072,141
2365,1834950,183
2366,1934273,193
2367,3033707,303
2368,794745,79
2370,885012,89
2371,1171243,117
2372,1372733,137
2373,1012491,101
2374,601765,60
2376,2092246,209
2377,2091625,209
2378,2496612,250
2379,4916864,492
2380,2079187,208
2381,2019867,202
2382,1488670,149
2383,2686464,269
2385,750413,75
2386,1442554,144
2388,386330,39
2389,898825,90
2390,1385328,139
2391,996639,100
2393,705650,71
2395,1137442,114
2398,1177243,118
2399,487848,49
2400,1249904,125
2402,1294936,129
2406,778233,78
2407,974127,97
2408,1754142,175
2409,1751587,175
2410,1474361,147
2411,2375373,238
2412,1801826,180
2413,4158854,416
2414,5000684,500
2416,4424256,442
2417,2048656,205
2418,2324289,232
2419,2349563,235
2420,832113,83
2422,997205,100
2424,1676241,168
2425,2101437,210
2426,2214918,221
2427,1905696,191
2428,2331769,233
2429,1553549,155
2430,2642323,264
2431,720179,72
2433,2515864,252
2434,2187320,219
2435,2112070,211
2436,4288192,429
2438,4996098,500
2439,4071201,407
2440,2498136,250
2441,1650252,165
2442,1675689,168
2444,1024381,102
2445,1867633,187
2448,2175433,218
2449,2559154,256
2451,3031927,303
2452,9108928,911
2453,2287966,229
2454,2656424,266
2455,2628658,263
2456,2973191,297
2457,1967087,197
2458,5421357,542
2459,7003911,700
2460,7655124,766
2551,2551471,255
2552,2037659,204
2553,2745468,275
2554,1877625,188
2555,1746595,175
2556,2260555,226
2558,1451459,145
2560,2459225,246
2561,1233380,123
2563,1161226,116
2564,2425926,243
2566,4341939,434
2568,2879148,288
2569,2933212,293
2570,2240585,224
2571,2539185,254
2572,872776,87
2574,3211931,321
2602,905864,91
2603,1350983,135
2605,2067949,207
2609,643086,64
2610,1797611,180
2611,1415698,142
2613,1427464,143
2615,1217266,122
2616,1794200,179
2617,1475017,148
2618,3378696,338
2619,3180250,318
2620,1461164,146
2621,1431395,143
2622,1938353,194
2623,1725537,173
2624,1944065,194
2625,1626206,163
2651,39100566,3910
2652,40622628,4062
2653,4221685,422
2654,4094048,409
2655,16747533,1675
2656,4192369,419
2657,3244837,324
2658,5005939,501
2659,4171620,417
2660,17279060,1728
2661,31832588,3183
2662,20904662,2090
2663,4330180,433
2664,35731903,3573
2665,6076787,608
2666,43995911,4400
2667,29079618,2908
2668,3642204,364
2669,4454785,445
2670,3480009,348
2671,4050632,405
2672,3140625,314
2673,3272749,327
2674,4054680,405
2701,17090831,1709
2702,11362589,1136
2703,19019901,1902
2704,46721144,4672
2705,16978571,1698
2706,24517408,2452
2707,5691135,569
2708,4458265,446
2709,3737206,374
2710,3377939,338
2711,1544744,154
2712,1821765,182
2713,1478921,148
2715,14906619,1491
2716,10054000,1005
2717,14535810,1454
2718,11532669,1153
2752,317772,32
2754,2421442,242
2755,4297308,430
2756,3066512,307
2757,21417528,2142
2758,5530279,553
2759,4763533,476
2760,5745085,575
2761,1878333,188
2762,2280794,228
2763,5785773,579
2764,3269315,327
2765,4165531,417
2766,4223130,422
2767,8411296,841
2768,2202173,220
2770,2323958,232
2772,3316440,332
2774,2888303,289
2776,453797,45
2778,1251850,125
2780,41990070,4199
2781,54324426,5432
2782,26153086,2615
2783,5859173,586
2852,5041127,504
2853,6920949,692
2854,6333786,633
2855,4306288,431
2857,9043910,904
2858,30596098,3060
2859,2761451,276
2860,1086530,109
2861,2345386,235
2863,1221204,122
2864,2872095,287
2866,35353805,3535
2867,70276280,7028
2868,51966429,5197
2870,40592187,4059
2871,28416577,2842
2872,31041732,3104
2873,120302660,12030
2874,30347643,3035
2875,17062628,1706
2876,17086615,1709
2877,44559997,4456
2002,1469654,147
2005,2177527,218
2007,2143777,214
2008,2209583,221
2010,2725859,273
2013,1906792,191
2356,871383,87
2233,1922750,192
2028,1432975,143
2032,999225,100
2034,1024553,102
2033,1062417,106
2037,1239112,124
2038,321423,32
2040,684730,68
2043,664148,66
2058,1718906,172
2061,551467,55
2063,613237,61
2064,1444333,144
2067,531976,53
2069,276166,28
2082,1552999,155
2084,604690,60
2087,515499,52
2088,972113,97
2091,996554,100
2565,1662273,166
2093,458346,46
2112,900406,90
2115,580638,58
2119,532241,53
2126,1008584,101
2125,359964,36
2118,377798,38
2130,1018608,102
2129,917528,92
2134,730658,73
2136,480754,48
2144,1305788,131
2142,1314082,131
2140,553793,55
2204,869393,87
2202,451377,45
2205,1096933,110
2207,393400,39
2209,1062852,106
2211,826446,83
2213,1076885,108
2215,1023788,102
2217,682882,68
2219,1427482,143
2220,1359164,136
2221,1331467,133
2223,1417656,142
2225,782631,78
2227,1098527,110
2229,1177055,118
2234,2294063,229
2239,409709,41
2240,446280,45
2236,1431106,143
2243,1074323,107
2248,1240555,124
2251,1221594,122
2253,270325,27
2231,1739013,174
2262,2882594,288
2230,1072877,107
2272,442426,44
2352,1045208,105
2354,476752,48
2357,516746,52
2358,490639,49
2360,595944,60
2369,300978,30
2375,1542587,154
2050,2418345,242
2384,1172766,117
2387,362738,36
2392,1316777,132
2394,1012975,101
2397,738025,74
2401,787759,79
2403,219144,22
2404,296055,30
2405,578244,58
2415,5346114,535
2421,325233,33
2423,1310065,131
2432,1039173,104
2437,5071099,507
2443,1493170,149
2446,382128,38
2447,1768396,177
2450,3367678,337
2557,1453486,145
2559,1044397,104
2562,1682947,168
2567,1453389,145
2573,1624630,162
2601,2754062,275
2604,602454,60
2606,458274,46
2608,1538599,154
2612,549308,55
2614,602287,60
2075,2519941,252
2714,1305700,131
2753,5266020,527
2769,1987956,199
2771,1875210,188
2773,870371,87
2775,1313020,131
2777,2029478,203
2779,15341073,1534
2851,5692417,569
2856,4033826,403
2865,1610682,161
2862,1782660,178
2869,41038791,4104
2751,579538,58
2607,1307864,131
2090,758841,76
3001,12441615,1244
3002,12730807,1273
3003,10081651,1008
3004,12685860,1269
3005,1799719,180
3006,2001737,200
3007,1322744,132
3008,1082229,108
3009,1438769,144
3010,1507987,151
3011,1496217,150
3012,6590566,659
3013,1654441,165
3014,8431432,843
3015,25139924,2514
3016,6411164,641
3017,8482807,848
3100,58335449,5834
3101,12192421,1219
3102,50366054,5037
3103,3425171,343
3104,57033638,5703
3105,8715465,872
3106,29557902,2956
3107,39156055,3916
3108,25002382,2500
3146,1295949,130
3151,59839797,5984
3152,66417620,6642
3153,1977222,198
3188,8594466,859
3189,18649144,1865
3190,1954623,195
3191,5244710,524
3192,2583690,258
3193,4084205,408
3194,2931577,293
3195,14800180,1480
3196,60907236,6091
3197,9895204,990
3198,9084271,908
3199,28981311,2898
3323,2657856,266
3324,2588493,259
3325,1398343,140
3326,731967,73
3327,1490482,149
3328,1730018,173
3329,1101447,110
3330,2382452,238
3331,1506202,151
3332,3365284,337
3333,2243148,224
3334,1064443,106
3335,1278322,128
3336,5552919,555
3337,3574688,357
3338,991534,99
3339,885605,89
3340,2711718,271
3341,1308913,131
3342,1635312,164
3343,1810803,181
3344,625772,63
3345,1055880,106
3346,2218357,222
3347,733784,73
3348,688542,69
3349,153648,15
3350,337997,34
3351,530550,53
3352,330082,33
3353,1571645,157
3354,2021798,202
3355,939063,94
3356,2345196,235
3357,871500,87
3358,918083,92
3359,342542,34
3360,1218069,122
3361,1064100,106
3362,808470,81
3363,2086827,209
3364,2045649,205
3365,2171248,217
3366,2054461,205
3367,819905,82
3368,2331995,233
3369,1713852,171
3370,1552838,155
3371,1714335,171
3372,2024721,202
3373,2106387,211
3374,1108661,111
3375,2903757,290
3376,2281823,228
3377,1046092,105
3378,2861899,286
3379,1421599,142
3380,2026590,203
3381,1138649,114
3382,3016469,302
3383,1233810,123
3384,858333,86
3385,2030187,203
3386,2499780,250
3387,4175356,418
3417,1932256,193
3418,2171471,217
3419,2197648,220
3420,1713392,171
3421,2102848,210
3422,2123648,212
3423,2687295,269
3424,1075572,108
3425,769270,77
3426,4438660,444
3427,1603743,160
3428,2849405,285
3429,2870809,287
3430,2303124,230
3431,1786094,179
3432,3387120,339
3433,1795707,180
3434,1729679,173
3435,1698597,170
3436,1971052,197
3437,1721691,172
3438,935092,94
3439,1699412,170
3440,1694672,169
3441,1699245,170
3442,1725040,173
3443,3355561,336
3444,1694509,169
3445,2518088,252
3447,1122231,112
3448,1193235,119
3449,2968436,297
3450,1425543,143
3451,1187882,119
3452,3251341,325
3453,1672858,167
3454,2388807,239
3455,1772642,177
3456,1594656,159
3457,359716,36
3458,929259,93
3459,1287426,129
3460,1632925,163
3461,862494,86
3462,1278607,128
3463,231952,23
3464,736000,74
3465,992512,99
3466,938918,94
3467,1542284,154
3468,1524759,152
3469,1624718,162
3470,2172288,217
3471,1955320,196
3472,1680051,168
3473,1684630,168
3474,1319210,132
3475,3329405,333
3476,1662056,166
3477,3611699,361
3478,774165,77
3479,3957096,396
3480,2172269,217
3481,2765989,277
3482,724666,72
3483,625803,63
3484,2055240,206
3485,2389023,239
3486,819113,82
3487,898357,90
3488,284039,28
3489,586447,59
3490,416480,42
3491,496743,50
3492,220362,22
3493,1507241,151
3494,798628,80
3495,1094534,109
3496,1347451,135
3497,108749,11
3498,1597206,160
3499,166045,17
3500,1118378,112
3501,1974472,197
8901,2957730,296
3502,1282429,128
8902,1273520,127
3503,1250099,125
8903,1295896,130
3504,107774,11
8904,1120951,112
3505,1100363,110
8905,3248326,325
3506,1100259,110
8906,1317449,132
3507,656116,66
8907,2139575,214
3508,1247741,125
8908,813813,81
3509,1065175,107
8909,2420854,242
3510,224322,22
8910,2020198,202
3511,1327460,133
8911,1405392,141
3512,876825,88
8912,1051224,105
3513,888230,89
8913,1080261,108
3514,1274986,127
8914,1233027,123
3515,999485,100
8915,1093669,109
3516,2335503,234
8916,2499456,250
3517,1852155,185
8917,6748712,675
3518,1185751,119
8918,2224128,222
3519,1495057,150
8919,2106874,211
3520,176242,18
8920,1910228,191
8921,740828,74
8922,556067,56
8923,273802,27
8924,427267,43
8925,818545,82
8926,876671,88
8927,1508266,151
8928,1969206,197
8929,374182,37
8930,703148,70
8931,3400189,340
8932,1738869,174
8933,571051,57
8934,497406,50
8935,3006318,301
8936,1179676,118
8937,4360354,436
8939,2546401,255
8945,3670210,367
8946,2657952,266
8947,974482,97
8948,1310671,131
8949,1197173,120
8950,237735812,23774
8951,4825457,483
8953,280248475,28025
8954,46007776,4601
8955,157755728,15776
8956,88625046,8863
8959,20090458,2009
8960,197794807,19779
3601,809442,81
3602,1696980,170
3603,2447862,245
3604,2947992,295
3605,1827474,183
3606,1895313,190
3607,1870827,187
3608,1159698,116
3609,2419499,242
3610,980700,98
3611,1092013,109
3612,1807406,181
3613,161116,16
3614,2531392,253
3615,3330709,333
3616,1672272,167
3617,3380199,338
3618,2301365,230
3619,3745679,375
3620,4828808,483
3621,4171954,417
3622,945837,95
3623,806009,81
3624,643896,64
3625,1256192,126
3626,1502439,150
3627,1885428,189
3628,1500626,150
3629,1907990,191
3630,936750,94
3631,1469893,147
3632,203347,20
3633,1908323,191
3634,2162582,216
3635,2201734,220
3636,1877860,188
3637,1001344,100
3638,1343739,134
3639,7286441,729
3640,4021907,402
3641,2445231,245
3642,1836379,184
3643,2762929,276
3644,1017205,102
3645,2515426,252
3646,4768263,477
3647,1960444,196
3648,3371715,337
3649,4925008,493
3650,2159301,216
3651,4976779,498
3652,2423375,242
3653,1861836,186
3654,2591531,259
3655,2573579,257
3656,1309096,131
3657,519703,52
3658,337380,34
3659,1900359,190
3660,1877365,188
3661,1345379,135
3662,2372559,237
3663,1562176,156
3664,2558964,256
3665,1240096,124
3666,233543,23
3667,458795,46
3668,1493350,149
3669,2171847,217
3670,2068840,207
3671,3281885,328
3672,828301,83
3673,861211,86
3674,1956982,196
3675,1444816,144
3676,1854648,185
3677,1938326,194
3678,3200665,320
3679,207880,21
3680,1912892,191
3681,1447747,145
3682,1635752,164
3683,1183879,118
3684,1574875,157
3685,3403591,340
3686,1833550,183
3687,1600247,160
3688,1757367,176
3689,1384460,138
3690,3286346,329
3691,2492822,249
3692,1365656,137
3693,2873645,287
3694,3673454,367
3695,1706412,171
3696,3027639,303
3697,963107,96
3698,1676671,168
3699,1346686,135
3700,2255641,226
3701,2301750,230
3702,1143877,114
3703,4093563,409
3704,2290376,229
3705,3396498,340
3706,1818432,182
3707,3432877,343
3708,493220,49
3709,7219459,722
3710,4101752,410
3711,2127952,213
3712,1342138,134
3713,1466038,147
3714,1656846,166
3715,2476072,248
3716,2092432,209
3717,1920240,192
3718,1909771,191
3719,2454064,245
3720,1155301,116
3721,2850201,285
3722,1592998,159
3723,129215,13
3724,427058,43
3809,2040270,204
3810,2826277,283
3811,1289812,129
3812,2158326,216
3813,766120,77
3814,1205201,121
3815,139699,14
3816,8181919,818
3817,118603,12
3818,116074,12
3819,173445,17
3820,403039,40
3821,343847,34
3822,177510,18
3823,314820,31
3824,423130,42
3825,266393,27
3826,49769,5
3827,51175,5
3828,386712,39
3829,85738,9
3830,301700,30
3831,438114,44
3832,187790,19
3833,125160,13
3834,83191,8
3835,435630,44
3836,531656,53
3837,19662,2
3838,199515,20
3839,26979,3
3840,136593,14
3841,200167,20
3842,178498,18
3843,163703,16
3844,120062,12
3845,105332,11
3846,108836,11
3847,120450,12
3848,62048,6
3849,66577,7
3850,87434,9
3851,297733,30
3852,38599,4
3853,126102,13
3854,146145,15
3855,359986,36
3856,100033,10
3857,180243,18
3858,134523,13
3859,79663,8
3860,266787,27
3861,145904,15
3862,290035,29
3863,470102,47
3864,198402,20
3865,68793,7
3866,78670,8
3867,340642,34
3868,554488,55
3869,69310,7
3870,306705,31
3871,99106,10
3872,127677,13
3873,117715,12
3874,408988,41
3875,28788,3
3876,104755,10
3877,626196,63
3878,164234,16
3879,349383,35
6001,2392665,239
6002,1226954,123
6003,562089,56
6004,1937748,194
6005,4771821,477
6006,18688946,1869
6007,27422599,2742
6008,970981,97
6009,176214,18
6010,235008,24
6011,212801,21
6012,1302916,130
6013,194792,19
6014,177274,18
6015,1590899,159
6016,1853809,185
6017,405933,41
6018,1165978,117
6019,940807,94
6020,2673147,267
6021,3304724,330
6022,10834842,1083
6023,6938885,694
6024,5628947,563
6025,22044322,2204
6026,2709848,271
6027,19663934,1966
6028,1372450,137
6029,32865653,3287
6030,27791881,2779
6031,26448150,2645
6032,5040546,504
6033,1266205,127
6034,1598140,160
6035,27985632,2799
6036,22938446,2294
6037,2854700,285
6038,15187169,1519
6039,12808424,1281
6040,16616898,1662
6041,20804320,2080
6042,14078873,1408
6043,13571545,1357
6044,6868331,687
6045,15788234,1579
6046,18823685,1882
6047,5134791,513
6048,26059661,2606
6049,12199005,1220
6050,9325125,933
6051,7778935,778
6052,5183349,518
6053,3790921,379
6054,726383,73
6055,1053839,105
6056,436577,44
6057,430510,43
6058,882729,88
6059,778636,78
6060,90479,9
6061,833232,83
6062,1104142,110
6063,812193,81
6064,2605597,261
6065,415284,42
6066,608522,61
6067,919747,92
6068,1359703,136
6069,1714960,171
6070,1549472,155
6071,2016446,202
6072,277885,28
6073,83538,8
6074,1220802,122
6075,1256078,126
6076,545266,55
6077,65828,7
6078,757684,76
6079,788204,79
6080,97565,10
6081,883531,88
6082,798540,80
6083,195980,20
6084,198980,20
6085,237612,24
6086,250028,25
6087,106718,11
6088,66765,7
6089,89253,9
6090,1052913,105
6091,516928,52
6092,673050,67
6093,410919,41
6094,566253,57
6095,285826,29
6096,328691,33
6097,12330434,1233
6098,1558552,156
6099,195835,20
6100,623937,62
6101,911858,91
6102,455158,46
6103,258513,26
6104,264943,26
6105,425839,43
6106,371788,37
6107,713727,71
6108,144784,14
6109,1068594,107
6110,1548040,155
6111,500351,50
6112,1607969,161
6113,596828,60
6114,374647,37
6115,415543,42
6116,287324,29
6117,501642,50
6118,1219825,122
6119,284018,28
6120,287771,29
6121,188879,19
6122,187837,19
6123,67271,7
6124,105870,11
6125,224347,22
6126,48986,5
6127,33856,3
6128,37938,4
6129,167355,17
6130,60128,6
6131,64018,6
6132,269279,27
6133,122168,12
6134,78382,8
6135,604317,60
6136,688530,69
6137,918054,92
6138,299231,30
6139,557934,56
6140,405262,41
6141,2021818,202
6142,645571,65
6143,168849,17
6144,314994,31
6145,240312,24
6146,2902506,290
6147,293290,29
6148,467157,47
6149,1219441,122
6150,852024,85
6151,286054,29
6152,132873,13
6153,197219,20
6154,1328749,133
6155,266428,27
6156,116702,12
6157,271834,27
6158,1199922,120
6159,667754,67
6160,197373,20
6161,723014,72
6162,506061,51
6163,1968711,197
6164,1947112,195
6165,370787,37
6166,976165,98
6167,10297031,1030
6168,2095932,210
6169,1791998,179
6170,2391630,239
6171,936080,94
6172,582970,58
6173,692100,69
6174,360141,36
6175,399945,40
6176,630576,63
6177,396729,40
6178,5743634,574
6179,429928,43
6180,841529,84
6181,1065071,107
6182,5426916,543
6183,1668062,167
6184,11535624,1154
6185,11095076,1110
6186,11087443,1109
6187,6936282,694
6188,9733703,973
6189,6991499,699
6190,8691842,869
6191,8076688,808
6192,833586,83
6193,1455827,146
6194,1671463,167
6195,4378470,438
6196,1592262,159
6197,12426054,1243
6198,2273419,227
6199,2680133,268
6200,2137677,214
6201,769642,77
6202,274354,27
6203,223698,22
6204,230398,23
6205,354856,35
6206,487903,49
6207,468202,47
6208,388697,39
6209,219000,22
6210,436494,44
6211,330156,33
6212,392619,39
6213,1053693,105
6214,205225,21
6215,91665,9
6216,664686,66
6217,1780648,178
6218,1161826,116
6219,2152664,215
6220,605569,61
6221,487617,49
6222,1693598,169
6223,9074347,907
6224,3742212,374
6225,2195008,220
6226,2645346,265
6227,331463,33
6228,1101813,110
6229,272738,27
6230,856686,86
6231,244208,24
6232,160311,16
6233,1621349,162
6234,510290,51
6235,2307853,231
6236,1636450,164
6237,312993,31
6238,759751,76
6239,3322011,332
6240,5543594,554
6241,1152274,115
6242,1441167,144
6243,870854,87
6244,6442414,644
6245,2334254,233
6246,3439494,344
6247,5359329,536
6248,1924219,192
6249,991152,99
6250,614258,61
6251,748194,75
6252,3679489,368
6253,36202683,3620
6254,15133992,1513
6255,23697508,2370
6256,33042633,3304
6257,2167872,217
6258,410248,41
6259,1258982,126
6260,1544272,154
6261,501143,50
6262,5815356,582
6263,17413562,1741
6264,747696,75
6265,778466,78
6266,847856,85
6267,1336441,134
6268,1606554,161
6269,1726351,173
6270,625579,63
6271,1348939,135
6272,601195,60
6273,906779,91
6274,555644,56
6275,1593099,159
6276,204217,20
6277,214349,21
6278,127354,13
6279,79560,8
6280,109584,11
6281,112582,11
6282,187425,19
6283,115637,12
6284,99124,10
6285,525297,53
6286,594494,59
6287,65942,7
6288,884353,88
6289,888172,89
6290,3820803,382
6291,689767,69
6292,1984968,198
6293,966575,97
6294,344870,34
6295,560646,56
6296,870144,87
6297,365672,37
6298,700915,70
6299,1777635,178
6300,422811,42
6301,1323131,132
6302,4349800,435
6303,7795118,780
6304,4365660,437
6305,2756763,276
6306,4624941,462
6307,2144379,214
6308,2167305,217
6309,434203,43
6310,880797,88
6311,219990,22
6312,725630,73
6313,228847,23
6314,544346,54
6315,316430,32
6316,656822,66
6317,404814,40
6318,1342039,134
6319,855723,86
6320,1077005,108
6321,728766,73
6322,3663851,366
6323,7934923,793
6324,4772327,477
6325,1606502,161
6326,1105721,111
6327,2517079,252
6328,575343,58
6329,3678852,368
6330,18652926,1865
6331,13131672,1313
6332,9987111,999
6333,12103274,1210
6334,33936136,3394
6335,23885317,2389
6336,2862209,286
6337,3303606,330
6338,4028394,403
6339,5479422,548
6340,10292958,1029
6341,11666692,1167
6342,8738694,874
6343,1735262,174
6344,2318291,232
6345,2441689,244
6346,8085041,809
6347,8264808,826
6348,10053953,1005
6349,24877269,2488
6350,39015443,3902
6351,54239745,5424
6352,26974805,2697
6353,43163272,4316
6354,48466194,4847
6355,47087366,4709
6356,20418770,2042
6357,21728841,2173
6358,32442892,3244
6359,56948406,5695
6360,38054053,3805
6361,43363907,4336
6362,56692405,5669
6363,46233107,4623
6364,72890422,7289
6365,181130,18
6366,5891032,589
8001,287376,29
8002,928402,93
8003,1451647,145
8004,323346,32
8005,937431,94
8006,519449,52
8007,391197,39
8008,702888,70
8009,178113,18
8010,498863,50
8011,840509,84
8012,944357,94
8013,510194,51
8014,270867,27
8015,1015352,102
8016,247936,25
8017,291702,29
8018,438556,44
8019,794510,79
8020,873390,87
8021,226771,23
8022,753299,75
8023,1443410,144
8024,1353001,135
8025,602174,60
8026,712102,71
8027,290733,29
8028,41408,4
8029,504277,50
8030,99167,10
8031,31126,3
8032,279956,28
8033,487689,49
8034,144325,14
8035,354576,35
8036,140780,14
8037,211231,21
8038,535768,54
8039,90275,9
8040,182075,18
8041,56086,6
8042,414178,41
8043,411642,41
8044,231522,23
8045,167451,17
8046,164597,16
8047,251215,25
8048,243421,24
8049,219121,22
8050,90545,9
8051,386834,39
8052,207827,21
8053,665925,67
8054,316718,32
8055,1320001,132
8056,541225,54
8057,885534,89
8058,153390,15
8059,233770,23
8060,142786,14
8061,284011,28
8062,605113,61
8063,452419,45
8064,246273,25
8065,228954,23
8066,916310,92
8067,1096965,110
8068,423608,42
8069,818291,82
8070,129942,13
8071,261326,26
8072,1026246,103
8073,839224,84
8074,404191,40
8075,129377,13
8076,1093423,109
8077,39914,4
8078,1098445,110
8079,168860,17
8080,758806,76
8081,577233,58
8082,556190,56
8083,134452,13
8084,98229,10
8085,567131,57
8086,1860436,186
8087,484316,48
8088,362352,36
8089,305280,31
8090,32355,3
8091,237315,24
8092,498960,50
8093,462558,46
8094,78702,8
8095,163799,16
8096,323952,32
8097,382620,38
8098,741241,74
8099,922238,92
8100,985390,99
8101,44359,4
8102,989465,99
8103,400721,40
8104,175966,18
8105,393343,39
8106,254626,25
8107,480165,48
8108,166136,17
8109,698907,70
8110,66503,7
8111,424641,42
8112,55557,6
8113,37934,4
8114,81365,8
8115,111989,11
8116,28473,3
8117,85886,9
8118,44707,4
8119,52731,5
8120,46109,5
8121,89494,9
8122,165345,17
8123,108458,11
8124,75072,8
8125,328322,33
8126,155265,16
8127,423945,42
8128,438540,44
8129,535656,54
8130,216661,22
8131,81880,8
8132,170945,17
8133,180050,18
8134,54792,5
8135,348216,35
8136,434999,43
8137,178667,18
8138,267830,27
8139,382308,38
8140,130046,13
8141,355301,36
8142,437605,44
8143,283646,28
8144,542013,54
8145,286764,29
8146,648003,65
8147,107379,11
8148,386476,39
8149,325906,33
8150,76796,8
8151,169610,17
8152,254198,25
8153,157931,16
8154,576296,58
8155,80614,8
8156,77271,8
8157,193081,19
8158,301177,30
8159,94714,9
8160,261174,26
8161,142965,14
8162,265476,27
8163,89863,9
8164,463117,46
8165,340591,34
8166,683312,68
8167,72149,7
8168,516295,52
8169,158924,16
8170,543927,54
8171,649980,65
8172,207130,21
8173,348396,35
8174,479479,48
8175,90363,9
8176,46931,5
8177,416931,42
8178,410352,41
8179,58156,6
8180,935109,94
8181,174081,17
8182,568684,57
8183,106699,11
8184,113232,11
8185,143898,14
8186,544353,54
8187,109896,11
8188,999257,100
8189,450942,45
8190,1099955,110
8191,918442,92
8192,604393,60
8193,1837063,184
8194,1208649,121
8195,286939,29
8196,733235,73
8197,175358,18
8198,361418,36
8199,1372387,137
8200,867908,87
8201,541766,54
8202,923660,92
8203,839161,84
8204,1266306,127
8205,123386,12
8206,835031,84
8207,237197,24
8301,4163749,416
8302,5668515,567
8303,25270182,2527
8304,12440336,1244
8305,18159329,1816
8306,18382642,1838
8307,2444550,244
8308,3874484,387
8309,13746612,1375
8310,6585411,659
8311,11843844,1184
8312,4728614,473
8313,40019295,4002
8314,28324177,2832
8315,1967943,197
8316,5925555,593
8317,6170157,617
8318,10087562,1009
8319,5792695,579
8320,4634111,463
8321,7803020,780
8322,3460739,346
8323,5476212,548
8324,5743913,574
8325,5988816,599
8326,6436311,644
8327,943093,94
8328,8537366,854
8329,810423,81
8330,24812338,2481
8331,3815794,382
8332,3028406,303
8333,1586685,159
8334,5275380,528
8335,3223000,322
8336,2702588,270
8337,2943987,294
8338,7113293,711
8339,6268220,627
8340,42110299,4211
8341,24218964,2422
8342,38490770,3849
8343,19102996,1910
8344,7440880,744
8345,5740835,574
8346,26650608,2665
8347,7231434,723
8348,43986304,4399
8349,10939876,1094
8350,9250213,925
8351,13542085,1354
8352,3351750,335
8353,48491112,4849
8354,27978101,2798
8355,3172896,317
8356,47520611,4752
8357,28755608,2876
8358,3965787,397
8359,5795651,580
8360,5900410,590
8361,63519104,6352
8362,35336586,3534
8363,10770340,1077
8364,18953882,1895
8365,4273102,427
8366,18341442,1834
8367,3259143,326
8368,5927851,593
8369,12773664,1277
8370,5219608,522
8371,32134932,3213
8372,17865911,1787
8373,57240393,5724
8374,21048879,2105
8375,55255894,5526
8376,39216358,3922
8377,32370367,3237
8378,13273300,1327
8379,8199402,820
8380,17929768,1793
